Order_ID,Customer,City,Category,Product,Quantity,Unit_Price,Discount_%,Order_Date,Delivery_Date,Salesperson,Gross_Sales,Discount_Amount,Net_Sales,Delivery_Days,Month
1001,Ritesh,Nashik,Stationery,Notebook,3,222,15,2026-02-28,2026-03-02,Kavya,666,99.9,566.1,2,2026-02
1002,Pooja,Solapur,Furniture,Desk,7,8448,12,2026-06-01,2026-06-06,Amit,59136,7096.32,52039.68,5,2026-06
1003,Meera,Satara,Furniture,Table,20,2123,15,2026-06-10,2026-06-19,Rahul,42460,6369.0,36091.0,9,2026-06
1004,Pooja,Aurangabad,Furniture,Table,16,11739,12,2026-01-12,2026-01-18,Amit,187824,22538.88,165285.12,6,2026-01
1005,Vikram,Solapur,Stationery,Notebook,18,70,0,2026-05-29,2026-06-06,Rahul,1260,0.0,1260.0,8,2026-05
1006,Arjun,Aurangabad,Furniture,Chair,3,2714,5,2026-02-02,2026-02-09,Priya,8142,407.1,7734.9,7,2026-02
1007,Meera,Satara,Stationery,Notebook,19,149,7,2026-05-20,2026-05-26,Rahul,2831,198.17,2632.83,6,2026-05
1008,Neha,Kolhapur,Furniture,Chair,1,1134,0,2026-01-11,2026-01-19,Rahul,1134,0.0,1134.0,8,2026-01
1009,Asha,Nagpur,Electronics,Printer,10,40671,12,2026-06-10,2026-06-20,Rahul,406710,48805.2,357904.8,10,2026-06
1010,Ritesh,Solapur,Stationery,Stapler,14,470,5,2026-02-09,2026-02-15,Kavya,6580,329.0,6251.0,6,2026-02
1011,Ritesh,Solapur,Stationery,Pen Pack,14,88,12,2026-05-19,2026-05-21,Kavya,1232,147.84,1084.16,2,2026-05
1012,Vikram,Mumbai,Electronics,Keyboard,3,64615,10,2026-03-05,2026-03-14,Priya,193845,19384.5,174460.5,9,2026-03
1013,Pooja,Kolhapur,Stationery,Stapler,17,459,12,2026-03-14,2026-03-24,Priya,7803,936.36,6866.64,10,2026-03
1014,Deepak,Solapur,Electronics,Headset,19,53683,12,2026-04-17,2026-04-22,Priya,1019977,122397.24,897579.76,5,2026-04
1015,Nisha,Pune,Furniture,Bookshelf,11,14511,2,2026-06-02,2026-06-12,Amit,159621,3192.42,156428.58,10,2026-06
1016,Asha,Nagpur,Electronics,Monitor,16,30234,15,2026-04-25,2026-04-28,Rahul,483744,72561.6,411182.4,3,2026-04
1017,Kiran,Mumbai,Stationery,Stapler,8,179,15,2026-03-01,2026-03-03,Kavya,1432,214.8,1217.2,2,2026-03
1018,Yash,Aurangabad,Stationery,Notebook,20,301,0,2026-03-08,2026-03-13,Priya,6020,0.0,6020.0,5,2026-03
1019,Ritesh,Pune,Electronics,Headset,18,45652,10,2026-01-01,2026-01-08,Amit,821736,82173.6,739562.4,7,2026-01
1020,Kiran,Nashik,Furniture,Desk,5,4582,5,2026-02-25,2026-03-02,Kavya,22910,1145.5,21764.5,5,2026-02
1021,Nitin,Pune,Stationery,Notebook,3,484,2,2026-05-02,2026-05-06,Rahul,1452,29.04,1422.96,4,2026-05
1022,Vikram,Solapur,Electronics,Monitor,15,11596,0,2026-04-05,2026-04-09,Priya,173940,0.0,173940.0,4,2026-04
1023,Deepak,Nashik,Furniture,Bookshelf,15,3506,2,2026-06-20,2026-06-21,Priya,52590,1051.8,51538.2,1,2026-06
1024,Asha,Mumbai,Electronics,Headset,12,1682,5,2026-05-19,2026-05-23,Kavya,20184,1009.2,19174.8,4,2026-05
1025,Meera,Nashik,Furniture,Desk,18,7924,0,2026-06-02,2026-06-08,Kavya,142632,0.0,142632.0,6,2026-06
1026,Ajay,Kolhapur,Stationery,Marker,17,323,10,2026-01-17,2026-01-18,Priya,5491,549.1,4941.9,1,2026-01
1027,Priya,Pune,Stationery,Marker,4,264,0,2026-05-13,2026-05-19,Suresh,1056,0.0,1056.0,6,2026-05
1028,Yash,Satara,Stationery,Stapler,13,433,2,2026-04-04,2026-04-09,Rahul,5629,112.58,5516.42,5,2026-04
1029,Neha,Aurangabad,Stationery,Stapler,18,443,5,2026-01-24,2026-02-01,Rahul,7974,398.7,7575.3,8,2026-01
1030,Komal,Nashik,Stationery,Diary,13,336,10,2026-03-17,2026-03-27,Kavya,4368,436.8,3931.2,10,2026-03
1031,Manoj,Kolhapur,Stationery,Diary,2,184,5,2026-03-08,2026-03-12,Amit,368,18.4,349.6,4,2026-03
1032,Manoj,Pune,Electronics,Keyboard,20,11305,2,2026-05-21,2026-05-23,Priya,226100,4522.0,221578.0,2,2026-05
1033,Ritesh,Pune,Furniture,Desk,9,4895,2,2026-03-01,2026-03-03,Priya,44055,881.1,43173.9,2,2026-03
1034,Sneha,Nagpur,Furniture,Chair,17,5104,12,2026-01-30,2026-02-08,Suresh,86768,10412.16,76355.84,9,2026-01
1035,Ajay,Pune,Furniture,Cabinet,3,9149,0,2026-01-09,2026-01-12,Rahul,27447,0.0,27447.0,3,2026-01
1036,Ritesh,Aurangabad,Stationery,Stapler,20,161,7,2026-02-18,2026-02-24,Rahul,3220,225.4,2994.6,6,2026-02
1037,Kiran,Pune,Furniture,Cabinet,6,14385,12,2026-01-11,2026-01-21,Rahul,86310,10357.2,75952.8,10,2026-01
1038,Sneha,Solapur,Stationery,Stapler,17,223,7,2026-01-08,2026-01-09,Suresh,3791,265.37,3525.63,1,2026-01
1039,Nitin,Mumbai,Electronics,Monitor,5,60236,10,2026-03-26,2026-03-29,Amit,301180,30118.0,271062.0,3,2026-03
1040,Ajay,Mumbai,Furniture,Chair,10,7531,2,2026-05-29,2026-06-05,Rahul,75310,1506.2,73803.8,7,2026-05
1041,Manoj,Mumbai,Stationery,Marker,9,71,7,2026-06-12,2026-06-15,Kavya,639,44.73,594.27,3,2026-06
1042,Kiran,Nagpur,Stationery,Diary,16,232,0,2026-02-28,2026-03-07,Priya,3712,0.0,3712.0,7,2026-02
1043,Ajay,Mumbai,Electronics,Printer,20,46093,5,2026-03-10,2026-03-17,Priya,921860,46093.0,875767.0,7,2026-03
1044,Nitin,Mumbai,Furniture,Desk,4,14731,2,2026-05-31,2026-06-03,Amit,58924,1178.48,57745.52,3,2026-05
1045,Asha,Mumbai,Electronics,Printer,3,62762,7,2026-01-16,2026-01-17,Priya,188286,13180.02,175105.98,1,2026-01
1046,Sara,Mumbai,Electronics,Monitor,3,19443,10,2026-05-11,2026-05-16,Priya,58329,5832.9,52496.1,5,2026-05
1047,Rohan,Mumbai,Furniture,Cabinet,11,9976,12,2026-06-27,2026-07-06,Kavya,109736,13168.32,96567.68,9,2026-06
1048,Anita,Aurangabad,Electronics,Laptop,14,11762,7,2026-06-07,2026-06-13,Rahul,164668,11526.76,153141.24,6,2026-06
1049,Komal,Aurangabad,Electronics,Monitor,2,40789,0,2026-03-21,2026-03-27,Rahul,81578,0.0,81578.0,6,2026-03
1050,Asha,Aurangabad,Stationery,Diary,12,360,5,2026-04-15,2026-04-25,Priya,4320,216.0,4104.0,10,2026-04
1051,Rohan,Solapur,Stationery,Stapler,12,47,2,2026-01-15,2026-01-23,Kavya,564,11.28,552.72,8,2026-01
1052,Sneha,Nashik,Stationery,Notebook,17,172,10,2026-05-17,2026-05-23,Amit,2924,292.4,2631.6,6,2026-05
1053,Pooja,Nagpur,Furniture,Chair,1,9749,15,2026-02-11,2026-02-17,Rahul,9749,1462.35,8286.65,6,2026-02
1054,Vikram,Aurangabad,Furniture,Table,8,9798,12,2026-06-27,2026-06-28,Suresh,78384,9406.08,68977.92,1,2026-06
1055,Nitin,Nashik,Stationery,Pen Pack,18,185,15,2026-02-24,2026-02-25,Kavya,3330,499.5,2830.5,1,2026-02
1056,Ritesh,Satara,Furniture,Desk,3,9771,5,2026-04-21,2026-04-27,Rahul,29313,1465.65,27847.35,6,2026-04
1057,Anita,Satara,Furniture,Chair,2,9531,15,2026-02-14,2026-02-23,Suresh,19062,2859.3,16202.7,9,2026-02
1058,Komal,Mumbai,Furniture,Chair,10,5532,7,2026-02-21,2026-03-03,Rahul,55320,3872.4,51447.6,10,2026-02
1059,Manoj,Aurangabad,Stationery,Marker,20,112,10,2026-04-01,2026-04-10,Suresh,2240,224.0,2016.0,9,2026-04
1060,Ajay,Nashik,Furniture,Bookshelf,9,9727,2,2026-01-02,2026-01-08,Amit,87543,1750.86,85792.14,6,2026-01
1061,Sara,Nashik,Electronics,Headset,16,59084,0,2026-02-07,2026-02-16,Amit,945344,0.0,945344.0,9,2026-02
1062,Deepak,Pune,Furniture,Table,8,8360,2,2026-06-17,2026-06-27,Suresh,66880,1337.6,65542.4,10,2026-06
1063,Manoj,Satara,Electronics,Monitor,7,66744,7,2026-05-06,2026-05-13,Kavya,467208,32704.56,434503.44,7,2026-05
1064,Vikram,Solapur,Stationery,Marker,20,191,7,2026-06-12,2026-06-22,Priya,3820,267.4,3552.6,10,2026-06
1065,Nisha,Pune,Furniture,Bookshelf,1,7730,5,2026-06-19,2026-06-22,Suresh,7730,386.5,7343.5,3,2026-06
1066,Yash,Aurangabad,Furniture,Bookshelf,15,11987,5,2026-03-01,2026-03-02,Kavya,179805,8990.25,170814.75,1,2026-03
1067,Asha,Pune,Furniture,Cabinet,14,10869,0,2026-02-05,2026-02-09,Priya,152166,0.0,152166.0,4,2026-02
1068,Komal,Pune,Electronics,Laptop,15,14534,5,2026-06-23,2026-06-26,Priya,218010,10900.5,207109.5,3,2026-06
1069,Komal,Kolhapur,Furniture,Chair,9,4415,5,2026-01-17,2026-01-24,Kavya,39735,1986.75,37748.25,7,2026-01
1070,Komal,Pune,Stationery,Stapler,10,233,7,2026-02-23,2026-02-24,Priya,2330,163.1,2166.9,1,2026-02
1071,Anita,Satara,Electronics,Mouse,18,32197,5,2026-04-17,2026-04-25,Amit,579546,28977.3,550568.7,8,2026-04
1072,Pooja,Aurangabad,Electronics,Mouse,20,58779,0,2026-01-13,2026-01-14,Rahul,1175580,0.0,1175580.0,1,2026-01
1073,Rohan,Solapur,Furniture,Cabinet,4,2453,7,2026-04-14,2026-04-17,Suresh,9812,686.84,9125.16,3,2026-04
1074,Vikram,Kolhapur,Stationery,Marker,11,390,15,2026-04-02,2026-04-11,Priya,4290,643.5,3646.5,9,2026-04
1075,Nisha,Pune,Electronics,Mouse,4,64773,10,2026-06-12,2026-06-13,Suresh,259092,25909.2,233182.8,1,2026-06
1076,Priya,Solapur,Electronics,Printer,19,26714,5,2026-01-23,2026-02-02,Priya,507566,25378.3,482187.7,10,2026-01
1077,Sneha,Aurangabad,Stationery,Notebook,1,123,10,2026-04-01,2026-04-09,Suresh,123,12.3,110.7,8,2026-04
1078,Komal,Solapur,Electronics,Keyboard,11,24278,12,2026-03-03,2026-03-09,Priya,267058,32046.96,235011.04,6,2026-03
1079,Vikram,Mumbai,Electronics,Headset,19,48956,12,2026-05-28,2026-06-04,Suresh,930164,111619.68,818544.3200000001,7,2026-05
1080,Meera,Satara,Electronics,Headset,12,54161,15,2026-04-21,2026-05-01,Rahul,649932,97489.8,552442.2,10,2026-04
1081,Yash,Nashik,Electronics,Printer,15,59912,7,2026-02-05,2026-02-07,Suresh,898680,62907.6,835772.4,2,2026-02
1082,Meera,Nashik,Stationery,Notebook,7,133,10,2026-02-22,2026-03-04,Suresh,931,93.1,837.9,10,2026-02
1083,Sneha,Nagpur,Stationery,Diary,4,397,7,2026-06-12,2026-06-20,Kavya,1588,111.16,1476.84,8,2026-06
1084,Ajay,Kolhapur,Furniture,Chair,4,6901,10,2026-01-25,2026-02-04,Amit,27604,2760.4,24843.6,10,2026-01
1085,Asha,Mumbai,Electronics,Laptop,19,45307,12,2026-05-04,2026-05-08,Rahul,860833,103299.96,757533.04,4,2026-05
1086,Asha,Nashik,Stationery,Diary,15,40,10,2026-01-23,2026-01-27,Rahul,600,60.0,540.0,4,2026-01
1087,Ritesh,Kolhapur,Stationery,Pen Pack,13,387,7,2026-05-29,2026-06-03,Rahul,5031,352.17,4678.83,5,2026-05
1088,Deepak,Nagpur,Electronics,Headset,20,41165,0,2026-02-15,2026-02-16,Amit,823300,0.0,823300.0,1,2026-02
1089,Kiran,Nashik,Electronics,Printer,10,17041,2,2026-02-13,2026-02-18,Rahul,170410,3408.2,167001.8,5,2026-02
1090,Ajay,Kolhapur,Electronics,Monitor,19,66139,5,2026-03-07,2026-03-14,Rahul,1256641,62832.05,1193808.95,7,2026-03
1091,Sneha,Solapur,Stationery,Diary,2,305,0,2026-04-24,2026-05-02,Kavya,610,0.0,610.0,8,2026-04
1092,Meera,Satara,Electronics,Headset,9,23438,2,2026-01-27,2026-02-02,Priya,210942,4218.84,206723.16,6,2026-01
1093,Yash,Aurangabad,Furniture,Table,6,8224,15,2026-06-02,2026-06-12,Suresh,49344,7401.6,41942.4,10,2026-06
1094,Yash,Pune,Electronics,Mouse,4,7073,0,2026-03-20,2026-03-24,Priya,28292,0.0,28292.0,4,2026-03
1095,Yash,Aurangabad,Electronics,Headset,18,587,2,2026-05-25,2026-05-29,Amit,10566,211.32,10354.68,4,2026-05
1096,Ajay,Solapur,Furniture,Table,15,14724,15,2026-02-01,2026-02-08,Amit,220860,33129.0,187731.0,7,2026-02
1097,Komal,Satara,Electronics,Mouse,10,28980,10,2026-03-08,2026-03-13,Rahul,289800,28980.0,260820.0,5,2026-03
1098,Vikram,Aurangabad,Stationery,Diary,17,345,2,2026-04-14,2026-04-15,Suresh,5865,117.3,5747.7,1,2026-04
1099,Vikram,Kolhapur,Furniture,Desk,1,5165,2,2026-02-05,2026-02-07,Kavya,5165,103.3,5061.7,2,2026-02
1100,Ritesh,Kolhapur,Stationery,Notebook,11,296,10,2026-01-05,2026-01-09,Suresh,3256,325.6,2930.4,4,2026-01
1101,Arjun,Satara,Electronics,Mouse,9,37361,10,2026-04-29,2026-04-30,Rahul,336249,33624.9,302624.1,1,2026-04
1102,Manoj,Aurangabad,Electronics,Monitor,12,63402,7,2026-03-25,2026-04-01,Suresh,760824,53257.68,707566.32,7,2026-03
1103,Pooja,Nashik,Furniture,Table,7,11925,5,2026-01-18,2026-01-19,Priya,83475,4173.75,79301.25,1,2026-01
1104,Pooja,Pune,Furniture,Desk,10,12848,15,2026-02-07,2026-02-11,Priya,128480,19272.0,109208.0,4,2026-02
1105,Anita,Aurangabad,Stationery,Marker,2,493,12,2026-02-04,2026-02-13,Suresh,986,118.32,867.6800000000001,9,2026-02
1106,Arjun,Pune,Furniture,Table,20,2141,2,2026-03-10,2026-03-16,Priya,42820,856.4,41963.6,6,2026-03
1107,Komal,Solapur,Electronics,Laptop,4,14291,2,2026-02-23,2026-02-25,Kavya,57164,1143.28,56020.72,2,2026-02
1108,Nisha,Nagpur,Furniture,Chair,15,13843,7,2026-04-07,2026-04-15,Amit,207645,14535.15,193109.85,8,2026-04
1109,Meera,Kolhapur,Furniture,Bookshelf,19,6512,10,2026-01-11,2026-01-15,Amit,123728,12372.8,111355.2,4,2026-01
1110,Ajay,Mumbai,Furniture,Table,14,6793,7,2026-02-24,2026-03-01,Priya,95102,6657.14,88444.86,5,2026-02
1111,Yash,Solapur,Electronics,Printer,5,49945,12,2026-04-21,2026-04-29,Priya,249725,29967.0,219758.0,8,2026-04
1112,Meera,Pune,Furniture,Bookshelf,7,1959,15,2026-03-09,2026-03-19,Kavya,13713,2056.95,11656.05,10,2026-03
1113,Vikram,Pune,Furniture,Cabinet,13,6719,15,2026-02-23,2026-02-28,Rahul,87347,13102.05,74244.95,5,2026-02
1114,Pooja,Aurangabad,Stationery,Marker,13,32,15,2026-02-13,2026-02-16,Kavya,416,62.4,353.6,3,2026-02
1115,Anita,Pune,Stationery,Marker,9,303,10,2026-05-07,2026-05-15,Priya,2727,272.7,2454.3,8,2026-05
1116,Pooja,Aurangabad,Furniture,Cabinet,2,12692,15,2026-01-27,2026-01-29,Kavya,25384,3807.6,21576.4,2,2026-01
1117,Sneha,Pune,Electronics,Keyboard,16,33162,7,2026-05-05,2026-05-13,Priya,530592,37141.44,493450.56,8,2026-05
1118,Meera,Satara,Furniture,Table,18,9118,5,2026-06-05,2026-06-14,Priya,164124,8206.2,155917.8,9,2026-06
1119,Neha,Pune,Furniture,Chair,2,3706,5,2026-06-11,2026-06-19,Suresh,7412,370.6,7041.4,8,2026-06
1120,Asha,Mumbai,Stationery,Stapler,10,438,10,2026-02-08,2026-02-12,Suresh,4380,438.0,3942.0,4,2026-02
1121,Priya,Nashik,Electronics,Keyboard,4,55809,2,2026-03-22,2026-03-27,Priya,223236,4464.72,218771.28,5,2026-03
1122,Deepak,Satara,Electronics,Keyboard,14,49990,10,2026-04-20,2026-04-23,Priya,699860,69986.0,629874.0,3,2026-04
1123,Asha,Kolhapur,Electronics,Monitor,16,1332,7,2026-03-26,2026-03-28,Priya,21312,1491.84,19820.16,2,2026-03
1124,Arjun,Mumbai,Furniture,Cabinet,4,14195,15,2026-06-09,2026-06-16,Suresh,56780,8517.0,48263.0,7,2026-06
1125,Ajay,Nagpur,Stationery,Notebook,6,30,2,2026-04-21,2026-04-26,Rahul,180,3.6,176.4,5,2026-04
1126,Kiran,Satara,Electronics,Keyboard,17,19390,12,2026-06-28,2026-07-03,Priya,329630,39555.6,290074.4,5,2026-06
1127,Vikram,Nagpur,Furniture,Chair,15,11694,12,2026-05-28,2026-06-06,Priya,175410,21049.2,154360.8,9,2026-05
1128,Neha,Satara,Electronics,Mouse,6,5001,7,2026-01-22,2026-01-28,Priya,30006,2100.42,27905.58,6,2026-01
1129,Rohan,Solapur,Stationery,Marker,15,75,7,2026-05-18,2026-05-22,Priya,1125,78.75,1046.25,4,2026-05
1130,Nitin,Nagpur,Stationery,Notebook,12,50,2,2026-04-13,2026-04-19,Rahul,600,12.0,588.0,6,2026-04
1131,Meera,Kolhapur,Furniture,Table,13,3083,7,2026-05-26,2026-05-31,Suresh,40079,2805.53,37273.47,5,2026-05
1132,Ritesh,Kolhapur,Stationery,Marker,10,270,7,2026-01-02,2026-01-12,Rahul,2700,189.0,2511.0,10,2026-01
1133,Ritesh,Nashik,Furniture,Cabinet,6,9037,2,2026-03-31,2026-04-09,Suresh,54222,1084.44,53137.56,9,2026-03
1134,Sara,Kolhapur,Electronics,Mouse,10,29217,15,2026-05-06,2026-05-08,Rahul,292170,43825.5,248344.5,2,2026-05
1135,Ajay,Pune,Electronics,Keyboard,14,68534,0,2026-01-19,2026-01-20,Kavya,959476,0.0,959476.0,1,2026-01
1136,Arjun,Pune,Furniture,Cabinet,19,14528,12,2026-02-03,2026-02-09,Rahul,276032,33123.84,242908.16,6,2026-02
1137,Komal,Nashik,Stationery,Pen Pack,16,270,10,2026-06-11,2026-06-17,Priya,4320,432.0,3888.0,6,2026-06
1138,Sneha,Pune,Furniture,Desk,5,14466,2,2026-03-03,2026-03-11,Suresh,72330,1446.6,70883.4,8,2026-03
1139,Sneha,Nagpur,Electronics,Mouse,17,28839,10,2026-03-12,2026-03-18,Kavya,490263,49026.3,441236.7,6,2026-03
1140,Sara,Mumbai,Electronics,Headset,5,68012,5,2026-02-08,2026-02-12,Kavya,340060,17003.0,323057.0,4,2026-02
1141,Ritesh,Solapur,Furniture,Bookshelf,20,6835,2,2026-01-21,2026-01-31,Kavya,136700,2734.0,133966.0,10,2026-01
1142,Deepak,Aurangabad,Electronics,Laptop,9,59788,7,2026-02-11,2026-02-18,Priya,538092,37666.44,500425.56,7,2026-02
1143,Priya,Solapur,Stationery,Pen Pack,13,456,2,2026-05-18,2026-05-25,Rahul,5928,118.56,5809.44,7,2026-05
1144,Nisha,Aurangabad,Stationery,Notebook,16,219,7,2026-04-26,2026-04-28,Amit,3504,245.28,3258.72,2,2026-04
1145,Nisha,Nagpur,Electronics,Keyboard,2,34429,12,2026-03-21,2026-03-31,Rahul,68858,8262.96,60595.04,10,2026-03
1146,Pooja,Pune,Electronics,Monitor,7,68217,0,2026-06-17,2026-06-24,Priya,477519,0.0,477519.0,7,2026-06
1147,Ritesh,Satara,Furniture,Chair,7,9581,5,2026-05-12,2026-05-13,Amit,67067,3353.35,63713.65,1,2026-05
1148,Anita,Nagpur,Furniture,Chair,11,3023,7,2026-01-08,2026-01-10,Rahul,33253,2327.71,30925.29,2,2026-01
1149,Vikram,Mumbai,Electronics,Printer,10,22853,7,2026-01-31,2026-02-01,Priya,228530,15997.1,212532.9,1,2026-01
1150,Nisha,Nashik,Furniture,Cabinet,10,5323,7,2026-05-01,2026-05-11,Rahul,53230,3726.1,49503.9,10,2026-05
1151,Kiran,Pune,Stationery,Marker,20,272,15,2026-01-02,2026-01-07,Suresh,5440,816.0,4624.0,5,2026-01
1152,Arjun,Kolhapur,Electronics,Mouse,14,8150,10,2026-02-09,2026-02-17,Kavya,114100,11410.0,102690.0,8,2026-02
1153,Nisha,Aurangabad,Furniture,Table,19,10273,12,2026-02-16,2026-02-19,Priya,195187,23422.44,171764.56,3,2026-02
1154,Asha,Solapur,Furniture,Cabinet,15,6101,0,2026-06-05,2026-06-10,Suresh,91515,0.0,91515.0,5,2026-06
1155,Ritesh,Kolhapur,Furniture,Chair,13,4341,15,2026-03-12,2026-03-15,Rahul,56433,8464.95,47968.05,3,2026-03
1156,Manoj,Mumbai,Stationery,Stapler,5,466,15,2026-01-03,2026-01-07,Kavya,2330,349.5,1980.5,4,2026-01
1157,Komal,Nagpur,Stationery,Marker,3,203,15,2026-02-23,2026-02-27,Priya,609,91.35,517.65,4,2026-02
1158,Vikram,Mumbai,Electronics,Headset,13,12518,2,2026-02-26,2026-03-01,Suresh,162734,3254.68,159479.32,3,2026-02
1159,Asha,Pune,Furniture,Chair,20,14000,15,2026-06-11,2026-06-14,Kavya,280000,42000.0,238000.0,3,2026-06
1160,Anita,Satara,Electronics,Keyboard,7,53986,10,2026-04-30,2026-05-05,Suresh,377902,37790.2,340111.8,5,2026-04
1161,Arjun,Aurangabad,Electronics,Keyboard,4,54659,7,2026-03-24,2026-03-28,Amit,218636,15304.52,203331.48,4,2026-03
1162,Sara,Kolhapur,Electronics,Monitor,2,28176,10,2026-03-19,2026-03-20,Amit,56352,5635.2,50716.8,1,2026-03
1163,Priya,Mumbai,Electronics,Keyboard,9,62440,2,2026-02-28,2026-03-05,Priya,561960,11239.2,550720.8,5,2026-02
1164,Deepak,Pune,Electronics,Mouse,7,24615,12,2026-06-23,2026-06-30,Suresh,172305,20676.6,151628.4,7,2026-06
1165,Nitin,Aurangabad,Stationery,Pen Pack,1,427,0,2026-01-20,2026-01-28,Suresh,427,0.0,427.0,8,2026-01
1166,Asha,Kolhapur,Stationery,Pen Pack,1,396,5,2026-03-11,2026-03-12,Amit,396,19.8,376.2,1,2026-03
1167,Nitin,Solapur,Stationery,Pen Pack,20,251,5,2026-05-18,2026-05-28,Priya,5020,251.0,4769.0,10,2026-05
1168,Manoj,Nashik,Stationery,Pen Pack,18,335,15,2026-04-18,2026-04-28,Priya,6030,904.5,5125.5,10,2026-04
1169,Yash,Nashik,Furniture,Cabinet,12,12104,7,2026-04-09,2026-04-18,Rahul,145248,10167.36,135080.64,9,2026-04
1170,Ajay,Mumbai,Stationery,Notebook,6,339,12,2026-03-24,2026-03-25,Rahul,2034,244.08,1789.92,1,2026-03
1171,Sara,Aurangabad,Stationery,Marker,17,147,12,2026-05-13,2026-05-18,Amit,2499,299.88,2199.12,5,2026-05
1172,Pooja,Nashik,Electronics,Monitor,13,43163,12,2026-04-08,2026-04-17,Rahul,561119,67334.28,493784.72,9,2026-04
1173,Deepak,Solapur,Stationery,Pen Pack,15,214,10,2026-01-28,2026-02-07,Suresh,3210,321.0,2889.0,10,2026-01
1174,Rohan,Mumbai,Stationery,Notebook,13,155,2,2026-02-13,2026-02-16,Rahul,2015,40.3,1974.7,3,2026-02
1175,Vikram,Solapur,Electronics,Headset,10,20339,2,2026-03-07,2026-03-13,Amit,203390,4067.8,199322.2,6,2026-03
1176,Rohan,Mumbai,Electronics,Headset,17,46937,12,2026-01-26,2026-02-03,Priya,797929,95751.48,702177.52,8,2026-01
1177,Priya,Satara,Furniture,Desk,14,7501,7,2026-05-27,2026-06-06,Amit,105014,7350.98,97663.02,10,2026-05
1178,Sara,Solapur,Stationery,Marker,5,50,0,2026-03-30,2026-04-05,Amit,250,0.0,250.0,6,2026-03
1179,Yash,Solapur,Electronics,Keyboard,6,10400,2,2026-05-13,2026-05-16,Kavya,62400,1248.0,61152.0,3,2026-05
1180,Deepak,Kolhapur,Furniture,Chair,2,2076,2,2026-03-30,2026-04-09,Priya,4152,83.04,4068.96,10,2026-03
1181,Rohan,Nagpur,Stationery,Stapler,4,357,2,2026-01-11,2026-01-13,Kavya,1428,28.56,1399.44,2,2026-01
1182,Nisha,Nashik,Electronics,Keyboard,8,66022,12,2026-03-27,2026-04-02,Rahul,528176,63381.12,464794.88,6,2026-03
1183,Komal,Pune,Stationery,Notebook,2,309,2,2026-03-28,2026-03-30,Amit,618,12.36,605.64,2,2026-03
1184,Deepak,Kolhapur,Electronics,Keyboard,12,50517,15,2026-05-03,2026-05-11,Priya,606204,90930.6,515273.4,8,2026-05
1185,Rohan,Satara,Electronics,Laptop,16,15536,2,2026-05-11,2026-05-14,Kavya,248576,4971.52,243604.48,3,2026-05
1186,Pooja,Aurangabad,Furniture,Bookshelf,10,14951,2,2026-06-15,2026-06-23,Rahul,149510,2990.2,146519.8,8,2026-06
1187,Manoj,Satara,Electronics,Monitor,18,68527,12,2026-06-05,2026-06-11,Suresh,1233486,148018.32,1085467.68,6,2026-06
1188,Priya,Satara,Furniture,Cabinet,6,10368,7,2026-04-25,2026-04-30,Kavya,62208,4354.56,57853.44,5,2026-04
1189,Ajay,Kolhapur,Furniture,Cabinet,12,8327,10,2026-06-11,2026-06-12,Priya,99924,9992.4,89931.6,1,2026-06
1190,Sara,Solapur,Furniture,Chair,4,10154,7,2026-01-30,2026-02-09,Amit,40616,2843.12,37772.88,10,2026-01
1191,Komal,Nagpur,Furniture,Cabinet,9,8631,10,2026-05-07,2026-05-14,Amit,77679,7767.9,69911.1,7,2026-05
1192,Meera,Nagpur,Stationery,Diary,18,49,12,2026-03-08,2026-03-14,Rahul,882,105.84,776.16,6,2026-03
1193,Sara,Nashik,Furniture,Table,19,2699,7,2026-03-29,2026-03-31,Priya,51281,3589.67,47691.33,2,2026-03
1194,Sara,Pune,Furniture,Chair,13,12856,15,2026-04-17,2026-04-21,Suresh,167128,25069.2,142058.8,4,2026-04
1195,Anita,Solapur,Stationery,Marker,19,313,2,2026-06-25,2026-07-03,Suresh,5947,118.94,5828.06,8,2026-06
1196,Nitin,Satara,Electronics,Printer,20,3172,5,2026-05-13,2026-05-17,Amit,63440,3172.0,60268.0,4,2026-05
1197,Komal,Kolhapur,Electronics,Printer,5,45352,12,2026-01-23,2026-01-26,Kavya,226760,27211.2,199548.8,3,2026-01
1198,Rohan,Nashik,Stationery,Notebook,12,491,2,2026-03-25,2026-03-28,Suresh,5892,117.84,5774.16,3,2026-03
1199,Ritesh,Aurangabad,Electronics,Monitor,2,4375,7,2026-06-05,2026-06-07,Rahul,8750,612.5,8137.5,2,2026-06
1200,Priya,Kolhapur,Electronics,Monitor,13,69422,0,2026-04-22,2026-05-01,Priya,902486,0.0,902486.0,9,2026-04
1201,Manoj,Kolhapur,Stationery,Diary,18,139,12,2026-02-22,2026-02-23,Amit,2502,300.24,2201.76,1,2026-02
1202,Sara,Satara,Electronics,Printer,2,20312,12,2026-03-01,2026-03-10,Kavya,40624,4874.88,35749.12,9,2026-03
1203,Deepak,Satara,Furniture,Table,17,6695,2,2026-04-07,2026-04-10,Suresh,113815,2276.3,111538.7,3,2026-04
1204,Pooja,Kolhapur,Stationery,Pen Pack,13,416,10,2026-04-11,2026-04-20,Amit,5408,540.8,4867.2,9,2026-04
1205,Meera,Mumbai,Stationery,Stapler,1,112,7,2026-01-11,2026-01-18,Suresh,112,7.84,104.16,7,2026-01
1206,Sneha,Nagpur,Stationery,Notebook,9,60,0,2026-05-24,2026-06-01,Kavya,540,0.0,540.0,8,2026-05
1207,Sneha,Aurangabad,Stationery,Diary,7,244,2,2026-05-22,2026-05-31,Rahul,1708,34.16,1673.84,9,2026-05
1208,Manoj,Pune,Furniture,Bookshelf,6,7627,10,2026-01-20,2026-01-25,Amit,45762,4576.2,41185.8,5,2026-01
1209,Nitin,Mumbai,Electronics,Printer,19,20284,10,2026-03-22,2026-03-29,Amit,385396,38539.6,346856.4,7,2026-03
1210,Neha,Kolhapur,Stationery,Diary,10,349,0,2026-01-30,2026-02-07,Priya,3490,0.0,3490.0,8,2026-01
1211,Nitin,Solapur,Electronics,Printer,3,5962,7,2026-06-02,2026-06-10,Kavya,17886,1252.02,16633.98,8,2026-06
1212,Anita,Aurangabad,Electronics,Laptop,10,34380,7,2026-06-21,2026-06-22,Priya,343800,24066.0,319734.0,1,2026-06
1213,Asha,Mumbai,Electronics,Monitor,16,27741,12,2026-04-04,2026-04-07,Kavya,443856,53262.72,390593.28,3,2026-04
1214,Nisha,Aurangabad,Furniture,Chair,19,13832,0,2026-04-28,2026-05-03,Suresh,262808,0.0,262808.0,5,2026-04
1215,Arjun,Nashik,Furniture,Chair,6,1254,0,2026-04-19,2026-04-24,Priya,7524,0.0,7524.0,5,2026-04
1216,Deepak,Satara,Electronics,Monitor,10,56709,15,2026-04-23,2026-04-27,Priya,567090,85063.5,482026.5,4,2026-04
1217,Neha,Satara,Stationery,Marker,18,60,0,2026-05-29,2026-05-30,Priya,1080,0.0,1080.0,1,2026-05
1218,Sneha,Mumbai,Stationery,Notebook,1,134,10,2026-05-01,2026-05-09,Suresh,134,13.4,120.6,8,2026-05
1219,Kiran,Satara,Stationery,Notebook,4,117,15,2026-06-29,2026-07-03,Priya,468,70.2,397.8,4,2026-06
1220,Ritesh,Aurangabad,Furniture,Cabinet,2,8861,2,2026-05-28,2026-06-01,Rahul,17722,354.44,17367.56,4,2026-05
1221,Ritesh,Kolhapur,Furniture,Cabinet,18,2681,10,2026-04-10,2026-04-13,Suresh,48258,4825.8,43432.2,3,2026-04
1222,Neha,Nagpur,Furniture,Table,9,2712,12,2026-05-12,2026-05-21,Kavya,24408,2928.96,21479.04,9,2026-05
1223,Anita,Solapur,Furniture,Table,4,2249,7,2026-02-24,2026-03-03,Kavya,8996,629.72,8366.28,7,2026-02
1224,Neha,Mumbai,Electronics,Monitor,16,18378,10,2026-01-23,2026-01-30,Rahul,294048,29404.8,264643.2,7,2026-01
1225,Nisha,Kolhapur,Electronics,Printer,16,32262,12,2026-04-13,2026-04-14,Amit,516192,61943.04,454248.96,1,2026-04
1226,Priya,Kolhapur,Electronics,Headset,13,21332,0,2026-01-22,2026-01-26,Priya,277316,0.0,277316.0,4,2026-01
1227,Rohan,Satara,Electronics,Monitor,16,1321,12,2026-04-01,2026-04-04,Kavya,21136,2536.32,18599.68,3,2026-04
1228,Priya,Aurangabad,Electronics,Monitor,16,17477,10,2026-01-19,2026-01-21,Rahul,279632,27963.2,251668.8,2,2026-01
1229,Sara,Nashik,Furniture,Cabinet,14,5859,12,2026-01-05,2026-01-14,Amit,82026,9843.12,72182.88,9,2026-01
1230,Anita,Nagpur,Electronics,Laptop,7,2932,7,2026-01-28,2026-02-06,Rahul,20524,1436.68,19087.32,9,2026-01
1231,Nitin,Mumbai,Furniture,Desk,13,10297,12,2026-06-05,2026-06-13,Amit,133861,16063.32,117797.68,8,2026-06
1232,Meera,Nashik,Electronics,Laptop,3,13272,2,2026-02-07,2026-02-12,Kavya,39816,796.32,39019.68,5,2026-02
1233,Rohan,Satara,Furniture,Desk,20,13941,15,2026-06-25,2026-06-29,Rahul,278820,41823.0,236997.0,4,2026-06
1234,Ritesh,Aurangabad,Furniture,Chair,1,14320,12,2026-04-02,2026-04-09,Suresh,14320,1718.4,12601.6,7,2026-04
1235,Sara,Aurangabad,Stationery,Marker,15,267,15,2026-05-30,2026-06-04,Priya,4005,600.75,3404.25,5,2026-05
1236,Manoj,Pune,Stationery,Pen Pack,12,189,7,2026-05-22,2026-05-27,Priya,2268,158.76,2109.24,5,2026-05
1237,Kiran,Mumbai,Furniture,Cabinet,8,12123,2,2026-04-25,2026-05-03,Kavya,96984,1939.68,95044.32,8,2026-04
1238,Neha,Kolhapur,Stationery,Notebook,6,180,12,2026-03-15,2026-03-16,Suresh,1080,129.6,950.4,1,2026-03
1239,Nitin,Solapur,Furniture,Cabinet,2,12330,12,2026-04-10,2026-04-13,Kavya,24660,2959.2,21700.8,3,2026-04
1240,Sneha,Nagpur,Furniture,Table,2,5475,2,2026-04-30,2026-05-04,Priya,10950,219.0,10731.0,4,2026-04
1241,Kiran,Kolhapur,Furniture,Bookshelf,1,12537,0,2026-04-07,2026-04-10,Kavya,12537,0.0,12537.0,3,2026-04
1242,Manoj,Mumbai,Stationery,Marker,7,168,10,2026-06-18,2026-06-23,Suresh,1176,117.6,1058.4,5,2026-06
1243,Neha,Kolhapur,Electronics,Headset,5,11570,15,2026-02-16,2026-02-24,Rahul,57850,8677.5,49172.5,8,2026-02
1244,Sara,Mumbai,Furniture,Chair,10,6339,12,2026-06-27,2026-07-02,Kavya,63390,7606.8,55783.2,5,2026-06
1245,Sneha,Pune,Electronics,Headset,19,69029,7,2026-06-03,2026-06-06,Priya,1311551,91808.57,1219742.43,3,2026-06
1246,Sneha,Satara,Electronics,Printer,13,1825,2,2026-01-17,2026-01-23,Suresh,23725,474.5,23250.5,6,2026-01
1247,Vikram,Nashik,Stationery,Marker,10,336,7,2026-05-31,2026-06-02,Amit,3360,235.2,3124.8,2,2026-05
1248,Arjun,Pune,Stationery,Pen Pack,5,398,7,2026-05-19,2026-05-29,Priya,1990,139.3,1850.7,10,2026-05
1249,Pooja,Aurangabad,Electronics,Headset,18,6360,12,2026-05-21,2026-05-23,Amit,114480,13737.6,100742.4,2,2026-05
1250,Ritesh,Solapur,Electronics,Monitor,2,65953,7,2026-01-29,2026-01-31,Priya,131906,9233.42,122672.58,2,2026-01
1251,Sneha,Mumbai,Electronics,Mouse,19,48548,0,2026-03-31,2026-04-09,Suresh,922412,0.0,922412.0,9,2026-03
1252,Yash,Aurangabad,Stationery,Stapler,15,257,5,2026-05-24,2026-05-31,Amit,3855,192.75,3662.25,7,2026-05
1253,Meera,Kolhapur,Electronics,Monitor,20,47880,7,2026-02-21,2026-02-22,Priya,957600,67032.0,890568.0,1,2026-02
1254,Komal,Satara,Stationery,Marker,18,447,15,2026-04-29,2026-05-07,Rahul,8046,1206.9,6839.1,8,2026-04
1255,Asha,Solapur,Furniture,Desk,1,2240,5,2026-03-10,2026-03-14,Amit,2240,112.0,2128.0,4,2026-03
1256,Nitin,Kolhapur,Stationery,Marker,19,406,7,2026-02-04,2026-02-08,Kavya,7714,539.98,7174.02,4,2026-02
1257,Manoj,Aurangabad,Electronics,Mouse,7,53243,12,2026-05-19,2026-05-29,Kavya,372701,44724.12,327976.88,10,2026-05
1258,Asha,Kolhapur,Electronics,Laptop,1,10600,5,2026-04-25,2026-04-26,Priya,10600,530.0,10070.0,1,2026-04
1259,Nisha,Satara,Electronics,Monitor,10,38771,15,2026-05-30,2026-06-09,Kavya,387710,58156.5,329553.5,10,2026-05
1260,Manoj,Mumbai,Electronics,Headset,19,54981,10,2026-01-18,2026-01-23,Priya,1044639,104463.9,940175.1,5,2026-01
1261,Deepak,Solapur,Stationery,Marker,20,162,7,2026-04-07,2026-04-08,Suresh,3240,226.8,3013.2,1,2026-04
1262,Pooja,Satara,Furniture,Chair,9,2231,15,2026-06-01,2026-06-10,Kavya,20079,3011.85,17067.15,9,2026-06
1263,Priya,Mumbai,Furniture,Chair,10,1505,0,2026-04-18,2026-04-26,Suresh,15050,0.0,15050.0,8,2026-04
1264,Ritesh,Satara,Furniture,Chair,15,6365,10,2026-06-27,2026-07-03,Amit,95475,9547.5,85927.5,6,2026-06
1265,Rohan,Satara,Furniture,Desk,1,1052,7,2026-04-05,2026-04-15,Suresh,1052,73.64,978.36,10,2026-04
1266,Priya,Nagpur,Stationery,Notebook,17,365,2,2026-03-15,2026-03-23,Suresh,6205,124.1,6080.9,8,2026-03
1267,Arjun,Mumbai,Stationery,Marker,1,50,0,2026-04-17,2026-04-26,Amit,50,0.0,50.0,9,2026-04
1268,Nisha,Mumbai,Electronics,Monitor,10,46291,12,2026-06-26,2026-06-29,Amit,462910,55549.2,407360.8,3,2026-06
1269,Komal,Pune,Furniture,Desk,14,5704,2,2026-04-17,2026-04-19,Kavya,79856,1597.12,78258.88,2,2026-04
1270,Ajay,Pune,Electronics,Printer,16,62941,7,2026-04-23,2026-04-29,Suresh,1007056,70493.92,936562.08,6,2026-04
1271,Deepak,Nagpur,Electronics,Laptop,20,36941,15,2026-03-02,2026-03-04,Priya,738820,110823.0,627997.0,2,2026-03
1272,Komal,Mumbai,Electronics,Headset,13,42179,0,2026-02-25,2026-03-03,Amit,548327,0.0,548327.0,6,2026-02
1273,Kiran,Aurangabad,Electronics,Keyboard,12,20618,12,2026-05-30,2026-06-01,Amit,247416,29689.92,217726.08000000002,2,2026-05
1274,Vikram,Aurangabad,Electronics,Headset,13,36652,12,2026-06-06,2026-06-13,Amit,476476,57177.12,419298.88,7,2026-06
1275,Pooja,Kolhapur,Stationery,Marker,20,451,15,2026-03-11,2026-03-13,Amit,9020,1353.0,7667.0,2,2026-03
1276,Deepak,Nashik,Furniture,Desk,1,13437,15,2026-03-16,2026-03-18,Rahul,13437,2015.55,11421.45,2,2026-03
1277,Anita,Solapur,Stationery,Stapler,14,276,0,2026-03-05,2026-03-08,Kavya,3864,0.0,3864.0,3,2026-03
1278,Yash,Satara,Electronics,Mouse,4,20639,7,2026-06-07,2026-06-13,Amit,82556,5778.92,76777.08,6,2026-06
1279,Sneha,Nagpur,Electronics,Monitor,20,49042,2,2026-04-12,2026-04-14,Kavya,980840,19616.8,961223.2,2,2026-04
1280,Anita,Mumbai,Stationery,Diary,9,50,7,2026-03-04,2026-03-14,Suresh,450,31.5,418.5,10,2026-03
1281,Sneha,Solapur,Stationery,Marker,6,253,0,2026-02-02,2026-02-10,Rahul,1518,0.0,1518.0,8,2026-02
1282,Sara,Pune,Furniture,Bookshelf,12,3178,10,2026-06-03,2026-06-04,Priya,38136,3813.6,34322.4,1,2026-06
1283,Deepak,Nashik,Furniture,Table,6,1167,2,2026-03-19,2026-03-25,Kavya,7002,140.04,6861.96,6,2026-03
1284,Deepak,Aurangabad,Stationery,Pen Pack,16,419,2,2026-03-01,2026-03-09,Kavya,6704,134.08,6569.92,8,2026-03
1285,Asha,Mumbai,Stationery,Stapler,7,439,15,2026-02-02,2026-02-05,Amit,3073,460.95,2612.05,3,2026-02
1286,Kiran,Solapur,Furniture,Cabinet,9,1340,2,2026-05-26,2026-05-31,Kavya,12060,241.2,11818.8,5,2026-05
1287,Anita,Kolhapur,Stationery,Notebook,15,251,2,2026-04-04,2026-04-10,Suresh,3765,75.3,3689.7,6,2026-04
1288,Manoj,Satara,Electronics,Laptop,14,35601,10,2026-06-06,2026-06-14,Priya,498414,49841.4,448572.6,8,2026-06
1289,Vikram,Satara,Electronics,Monitor,19,25336,2,2026-04-10,2026-04-18,Rahul,481384,9627.68,471756.32,8,2026-04
1290,Vikram,Satara,Electronics,Printer,3,69793,15,2026-03-29,2026-03-30,Priya,209379,31406.85,177972.15,1,2026-03
1291,Meera,Solapur,Stationery,Stapler,17,415,5,2026-04-25,2026-04-29,Amit,7055,352.75,6702.25,4,2026-04
1292,Manoj,Nagpur,Electronics,Mouse,11,25158,5,2026-06-13,2026-06-20,Amit,276738,13836.9,262901.1,7,2026-06
1293,Ajay,Pune,Furniture,Table,7,11481,15,2026-01-23,2026-01-28,Amit,80367,12055.05,68311.95,5,2026-01
1294,Meera,Nashik,Furniture,Desk,8,14448,10,2026-06-08,2026-06-16,Kavya,115584,11558.4,104025.6,8,2026-06
1295,Komal,Mumbai,Furniture,Chair,16,11935,12,2026-05-15,2026-05-20,Kavya,190960,22915.2,168044.8,5,2026-05
1296,Vikram,Mumbai,Stationery,Marker,6,201,0,2026-02-10,2026-02-19,Suresh,1206,0.0,1206.0,9,2026-02
1297,Manoj,Aurangabad,Electronics,Printer,14,24524,10,2026-06-05,2026-06-14,Priya,343336,34333.6,309002.4,9,2026-06
1298,Meera,Nashik,Electronics,Mouse,19,20745,2,2026-03-02,2026-03-12,Rahul,394155,7883.1,386271.9,10,2026-03
1299,Vikram,Solapur,Furniture,Cabinet,8,8783,2,2026-04-11,2026-04-20,Kavya,70264,1405.28,68858.72,9,2026-04
1300,Yash,Nagpur,Electronics,Monitor,20,1392,2,2026-03-29,2026-04-05,Rahul,27840,556.8,27283.2,7,2026-03
1301,Manoj,Solapur,Furniture,Chair,3,7020,10,2026-01-06,2026-01-16,Rahul,21060,2106.0,18954.0,10,2026-01
1302,Sara,Nashik,Electronics,Printer,9,8500,15,2026-05-21,2026-05-30,Rahul,76500,11475.0,65025.0,9,2026-05
1303,Sara,Mumbai,Electronics,Printer,13,5170,2,2026-04-12,2026-04-15,Kavya,67210,1344.2,65865.8,3,2026-04
1304,Anita,Aurangabad,Stationery,Stapler,20,368,7,2026-01-20,2026-01-29,Suresh,7360,515.2,6844.8,9,2026-01
1305,Rohan,Kolhapur,Electronics,Laptop,20,31406,15,2026-05-04,2026-05-12,Suresh,628120,94218.0,533902.0,8,2026-05
1306,Manoj,Pune,Stationery,Stapler,1,332,0,2026-06-18,2026-06-21,Amit,332,0.0,332.0,3,2026-06
1307,Sara,Pune,Electronics,Printer,18,7541,12,2026-01-26,2026-01-29,Suresh,135738,16288.56,119449.44,3,2026-01
1308,Neha,Satara,Electronics,Headset,12,66075,5,2026-04-17,2026-04-23,Amit,792900,39645.0,753255.0,6,2026-04
1309,Priya,Kolhapur,Stationery,Marker,2,35,5,2026-06-24,2026-06-25,Rahul,70,3.5,66.5,1,2026-06
1310,Ajay,Solapur,Furniture,Cabinet,19,12691,0,2026-06-08,2026-06-16,Priya,241129,0.0,241129.0,8,2026-06
1311,Sneha,Nashik,Stationery,Notebook,2,209,0,2026-05-31,2026-06-03,Amit,418,0.0,418.0,3,2026-05
1312,Sara,Satara,Furniture,Cabinet,20,3274,2,2026-05-06,2026-05-14,Rahul,65480,1309.6,64170.4,8,2026-05
1313,Anita,Satara,Furniture,Cabinet,6,10864,10,2026-01-19,2026-01-27,Kavya,65184,6518.4,58665.6,8,2026-01
1314,Komal,Nagpur,Furniture,Desk,10,6328,2,2026-06-23,2026-06-24,Priya,63280,1265.6,62014.4,1,2026-06
1315,Ajay,Kolhapur,Electronics,Headset,14,57670,2,2026-06-13,2026-06-23,Kavya,807380,16147.6,791232.4,10,2026-06
1316,Kiran,Nashik,Furniture,Chair,7,9838,7,2026-02-25,2026-03-04,Amit,68866,4820.62,64045.38,7,2026-02
1317,Anita,Nagpur,Electronics,Headset,7,67339,5,2026-05-17,2026-05-27,Suresh,471373,23568.65,447804.35,10,2026-05
1318,Ritesh,Pune,Stationery,Marker,4,38,12,2026-05-27,2026-06-02,Priya,152,18.24,133.76,6,2026-05
1319,Meera,Solapur,Electronics,Mouse,17,58407,7,2026-03-13,2026-03-21,Kavya,992919,69504.33,923414.67,8,2026-03
1320,Yash,Mumbai,Stationery,Stapler,20,55,7,2026-06-10,2026-06-13,Amit,1100,77.0,1023.0,3,2026-06
1321,Asha,Satara,Furniture,Desk,8,5619,7,2026-03-26,2026-03-28,Suresh,44952,3146.64,41805.36,2,2026-03
1322,Arjun,Nashik,Furniture,Table,14,9081,15,2026-04-29,2026-05-04,Kavya,127134,19070.1,108063.9,5,2026-04
1323,Sara,Mumbai,Electronics,Mouse,2,32074,10,2026-02-20,2026-02-25,Kavya,64148,6414.8,57733.2,5,2026-02
1324,Asha,Satara,Furniture,Desk,1,4286,15,2026-01-31,2026-02-03,Amit,4286,642.9,3643.1,3,2026-01
1325,Nitin,Pune,Electronics,Keyboard,9,58442,12,2026-02-23,2026-03-04,Amit,525978,63117.36,462860.64,9,2026-02
1326,Vikram,Solapur,Furniture,Bookshelf,18,1830,10,2026-05-23,2026-05-30,Kavya,32940,3294.0,29646.0,7,2026-05
1327,Nitin,Nashik,Stationery,Diary,15,449,5,2026-05-10,2026-05-11,Kavya,6735,336.75,6398.25,1,2026-05
1328,Pooja,Mumbai,Stationery,Stapler,4,132,0,2026-03-28,2026-04-02,Priya,528,0.0,528.0,5,2026-03
1329,Neha,Pune,Stationery,Diary,18,227,5,2026-04-14,2026-04-24,Priya,4086,204.3,3881.7,10,2026-04
1330,Ajay,Solapur,Furniture,Desk,13,12071,0,2026-01-10,2026-01-14,Suresh,156923,0.0,156923.0,4,2026-01
1331,Meera,Aurangabad,Electronics,Mouse,2,43557,2,2026-06-17,2026-06-27,Kavya,87114,1742.28,85371.72,10,2026-06
1332,Priya,Pune,Stationery,Marker,7,439,2,2026-05-12,2026-05-15,Kavya,3073,61.46,3011.54,3,2026-05
1333,Priya,Mumbai,Stationery,Diary,20,416,12,2026-05-03,2026-05-04,Suresh,8320,998.4,7321.6,1,2026-05
1334,Deepak,Nashik,Electronics,Headset,15,39853,7,2026-01-16,2026-01-25,Suresh,597795,41845.65,555949.35,9,2026-01
1335,Yash,Solapur,Furniture,Desk,9,1495,12,2026-05-26,2026-05-31,Kavya,13455,1614.6,11840.4,5,2026-05
1336,Pooja,Aurangabad,Furniture,Cabinet,10,5624,0,2026-03-05,2026-03-11,Priya,56240,0.0,56240.0,6,2026-03
1337,Pooja,Nashik,Stationery,Diary,14,373,10,2026-02-21,2026-02-27,Priya,5222,522.2,4699.8,6,2026-02
1338,Anita,Aurangabad,Electronics,Laptop,10,16719,5,2026-06-04,2026-06-06,Kavya,167190,8359.5,158830.5,2,2026-06
1339,Asha,Aurangabad,Stationery,Notebook,6,302,5,2026-04-30,2026-05-06,Amit,1812,90.6,1721.4,6,2026-04
1340,Nitin,Solapur,Furniture,Desk,12,3857,12,2026-06-23,2026-06-25,Suresh,46284,5554.08,40729.92,2,2026-06
1341,Sara,Mumbai,Furniture,Desk,19,6488,15,2026-01-04,2026-01-08,Amit,123272,18490.8,104781.2,4,2026-01
1342,Anita,Kolhapur,Electronics,Printer,13,47881,15,2026-04-20,2026-04-27,Priya,622453,93367.95,529085.05,7,2026-04
1343,Anita,Kolhapur,Electronics,Keyboard,14,32719,15,2026-06-01,2026-06-06,Kavya,458066,68709.9,389356.1,5,2026-06
1344,Neha,Solapur,Stationery,Diary,18,240,10,2026-05-13,2026-05-14,Rahul,4320,432.0,3888.0,1,2026-05
1345,Asha,Nashik,Electronics,Monitor,12,50544,10,2026-03-14,2026-03-16,Priya,606528,60652.8,545875.2,2,2026-03
1346,Asha,Satara,Furniture,Desk,16,6910,15,2026-04-28,2026-04-30,Priya,110560,16584.0,93976.0,2,2026-04
1347,Priya,Satara,Electronics,Printer,16,6034,15,2026-01-15,2026-01-22,Rahul,96544,14481.6,82062.4,7,2026-01
1348,Ritesh,Nagpur,Stationery,Marker,12,244,7,2026-01-26,2026-01-31,Kavya,2928,204.96,2723.04,5,2026-01
1349,Deepak,Nagpur,Electronics,Printer,20,62721,7,2026-02-26,2026-03-02,Amit,1254420,87809.4,1166610.6,4,2026-02
1350,Vikram,Pune,Furniture,Chair,16,11790,12,2026-06-12,2026-06-17,Priya,188640,22636.8,166003.2,5,2026-06
1351,Nisha,Nagpur,Electronics,Monitor,12,1272,0,2026-01-04,2026-01-07,Kavya,15264,0.0,15264.0,3,2026-01
1352,Manoj,Satara,Stationery,Notebook,12,203,5,2026-01-02,2026-01-11,Kavya,2436,121.8,2314.2,9,2026-01
1353,Yash,Pune,Stationery,Notebook,6,495,2,2026-06-21,2026-06-27,Rahul,2970,59.4,2910.6,6,2026-06
1354,Yash,Pune,Electronics,Printer,15,14927,15,2026-04-06,2026-04-08,Suresh,223905,33585.75,190319.25,2,2026-04
1355,Arjun,Nashik,Electronics,Laptop,18,35997,2,2026-01-02,2026-01-09,Suresh,647946,12958.92,634987.08,7,2026-01
1356,Vikram,Mumbai,Electronics,Laptop,16,53457,10,2026-06-28,2026-07-01,Kavya,855312,85531.2,769780.8,3,2026-06
1357,Anita,Aurangabad,Stationery,Pen Pack,6,365,7,2026-04-21,2026-04-28,Suresh,2190,153.3,2036.7,7,2026-04
1358,Deepak,Mumbai,Furniture,Desk,7,6618,0,2026-04-15,2026-04-17,Amit,46326,0.0,46326.0,2,2026-04
1359,Manoj,Nashik,Electronics,Mouse,9,38179,0,2026-03-15,2026-03-18,Kavya,343611,0.0,343611.0,3,2026-03
1360,Ritesh,Pune,Furniture,Table,19,6681,2,2026-05-04,2026-05-08,Kavya,126939,2538.78,124400.22,4,2026-05
1361,Nisha,Solapur,Furniture,Table,2,1822,5,2026-04-29,2026-05-03,Amit,3644,182.2,3461.8,4,2026-04
1362,Pooja,Nashik,Furniture,Chair,1,10474,0,2026-03-13,2026-03-15,Priya,10474,0.0,10474.0,2,2026-03
1363,Arjun,Aurangabad,Electronics,Printer,7,45381,0,2026-04-10,2026-04-16,Kavya,317667,0.0,317667.0,6,2026-04
1364,Neha,Satara,Furniture,Cabinet,16,1744,15,2026-01-09,2026-01-11,Suresh,27904,4185.6,23718.4,2,2026-01
1365,Kiran,Nagpur,Stationery,Marker,17,119,7,2026-02-17,2026-02-19,Amit,2023,141.61,1881.3899999999999,2,2026-02
1366,Vikram,Solapur,Electronics,Mouse,20,44312,10,2026-01-25,2026-02-01,Priya,886240,88624.0,797616.0,7,2026-01
1367,Manoj,Aurangabad,Stationery,Diary,1,371,5,2026-05-16,2026-05-26,Priya,371,18.55,352.45,10,2026-05
1368,Sneha,Mumbai,Stationery,Stapler,9,115,0,2026-01-14,2026-01-23,Rahul,1035,0.0,1035.0,9,2026-01
1369,Sara,Aurangabad,Furniture,Desk,19,5840,5,2026-02-09,2026-02-14,Kavya,110960,5548.0,105412.0,5,2026-02
1370,Anita,Mumbai,Stationery,Diary,13,337,7,2026-06-11,2026-06-15,Kavya,4381,306.67,4074.33,4,2026-06
1371,Nitin,Mumbai,Furniture,Desk,19,1087,15,2026-02-19,2026-03-01,Amit,20653,3097.95,17555.05,10,2026-02
1372,Nitin,Solapur,Electronics,Keyboard,9,9551,10,2026-05-19,2026-05-26,Kavya,85959,8595.9,77363.1,7,2026-05
1373,Manoj,Aurangabad,Electronics,Laptop,11,47930,12,2026-06-18,2026-06-28,Amit,527230,63267.6,463962.4,10,2026-06
1374,Sara,Nagpur,Electronics,Printer,12,66052,2,2026-02-10,2026-02-13,Suresh,792624,15852.48,776771.52,3,2026-02
1375,Kiran,Pune,Electronics,Monitor,20,56766,0,2026-01-30,2026-02-08,Rahul,1135320,0.0,1135320.0,9,2026-01
1376,Komal,Kolhapur,Stationery,Marker,20,429,5,2026-06-05,2026-06-11,Amit,8580,429.0,8151.0,6,2026-06
1377,Asha,Mumbai,Furniture,Desk,3,5480,12,2026-03-24,2026-03-30,Rahul,16440,1972.8,14467.2,6,2026-03
1378,Sneha,Satara,Electronics,Monitor,15,22693,12,2026-02-21,2026-02-27,Suresh,340395,40847.4,299547.6,6,2026-02
1379,Yash,Solapur,Stationery,Notebook,11,136,15,2026-03-25,2026-03-26,Amit,1496,224.4,1271.6,1,2026-03
1380,Komal,Pune,Stationery,Diary,3,412,7,2026-04-16,2026-04-26,Rahul,1236,86.52,1149.48,10,2026-04
1381,Sneha,Nagpur,Furniture,Chair,5,7484,2,2026-03-08,2026-03-12,Amit,37420,748.4,36671.6,4,2026-03
1382,Ajay,Nagpur,Electronics,Laptop,11,36198,0,2026-04-18,2026-04-22,Kavya,398178,0.0,398178.0,4,2026-04
1383,Asha,Nashik,Stationery,Diary,14,334,10,2026-06-23,2026-06-30,Kavya,4676,467.6,4208.4,7,2026-06
1384,Anita,Nashik,Electronics,Keyboard,15,38116,0,2026-02-21,2026-02-25,Priya,571740,0.0,571740.0,4,2026-02
1385,Vikram,Nagpur,Electronics,Keyboard,12,61360,10,2026-01-26,2026-01-31,Suresh,736320,73632.0,662688.0,5,2026-01
1386,Arjun,Kolhapur,Furniture,Chair,9,7509,5,2026-05-20,2026-05-29,Suresh,67581,3379.05,64201.95,9,2026-05
1387,Manoj,Nagpur,Electronics,Printer,11,56515,5,2026-03-21,2026-03-31,Rahul,621665,31083.25,590581.75,10,2026-03
1388,Sneha,Kolhapur,Furniture,Chair,12,11662,12,2026-03-13,2026-03-15,Amit,139944,16793.28,123150.72,2,2026-03
1389,Asha,Nashik,Electronics,Headset,3,56380,5,2026-01-22,2026-01-26,Suresh,169140,8457.0,160683.0,4,2026-01
1390,Rohan,Pune,Furniture,Desk,9,7670,0,2026-02-23,2026-02-28,Suresh,69030,0.0,69030.0,5,2026-02
1391,Neha,Kolhapur,Electronics,Printer,5,65270,5,2026-03-19,2026-03-22,Rahul,326350,16317.5,310032.5,3,2026-03
1392,Priya,Pune,Electronics,Printer,13,23903,5,2026-04-12,2026-04-13,Priya,310739,15536.95,295202.05,1,2026-04
1393,Neha,Aurangabad,Electronics,Monitor,17,30351,15,2026-01-25,2026-01-29,Suresh,515967,77395.05,438571.95,4,2026-01
1394,Manoj,Nashik,Stationery,Notebook,10,138,2,2026-02-03,2026-02-04,Kavya,1380,27.6,1352.4,1,2026-02
1395,Manoj,Nagpur,Furniture,Bookshelf,18,10402,15,2026-02-09,2026-02-14,Priya,187236,28085.4,159150.6,5,2026-02
1396,Meera,Mumbai,Stationery,Diary,8,54,15,2026-01-09,2026-01-13,Kavya,432,64.8,367.2,4,2026-01
1397,Meera,Nagpur,Furniture,Table,1,8948,5,2026-06-21,2026-06-28,Suresh,8948,447.4,8500.6,7,2026-06
1398,Rohan,Pune,Electronics,Keyboard,12,10668,0,2026-05-28,2026-06-03,Kavya,128016,0.0,128016.0,6,2026-05
1399,Nitin,Kolhapur,Stationery,Notebook,15,87,15,2026-03-08,2026-03-12,Amit,1305,195.75,1109.25,4,2026-03
1400,Deepak,Satara,Electronics,Printer,13,52411,15,2026-03-09,2026-03-11,Amit,681343,102201.45,579141.55,2,2026-03
